id,first_name,last_name,eca
20240002,Sukey,Waldron,Hackathon
20240003,Vilhelmina,Hollows,Hackathon
20240004,Glynnis,Adanez,Music
20240006,Daniella,Python,Volunteering
20240007,Berny,Bullier,Music
20240008,Sidnee,McKelvie,Sports
20240009,Valera,Bernakiewicz,Volunteering
20240010,Atalanta,Burniston,Music
20240011,Eolande,McGettigan,Hackathon
20240013,Jodie,Shadrach,Volunteering
20240014,Ulla,Kinvig,Hackathon
20240015,Wald,Couvet,Music
20240017,Horacio,Niessen,Sports
20240019,Vonny,Bambridge,Music
20240020,Lyndsay,Wicks,Sports
20240021,Kandace,Sheldrake,Public Speaking
20240024,Jessey,Byneth,Public Speaking
20240025,Sandie,Bedome,Volunteering
20240026,Wally,Krol,Volunteering
20240030,Paddy,Kigelman,Sports
20240034,Zora,Binestead,Sports
20240036,Ibby,Schwandermann,Hackathon
20240037,Ted,Kiellor,Sports
20240038,Ingar,Jedrzej,Volunteering
20240039,Catie,Evennett,Sports
20240040,Latashia,Spurrett,Volunteering
20240043,Letti,Overil,Dance
20240046,Ciel,Kneel,Public Speaking
20240047,Barth,Shaddock,Hackathon
20240048,Verine,Theaker,Sports
20240049,Bob,Mingame,Music
20240050,Brenden,Pikesley,Public Speaking
20240052,Elisabetta,Leidecker,Public Speaking
20240054,Kelsey,MacAless,Public Speaking
20240055,Zelda,Antrack,Hackathon
20240056,Mikel,Clem,Dance
20240057,Oralia,Giovanitti,Hackathon
20240058,Gradeigh,McRae,Public Speaking
20240059,Hayes,Heaker,Music
20240060,Nert,Gaymar,Dance
20240061,Loretta,Skellen,Music
20240062,Horatia,Keable,Hackathon
20240063,Violante,Wintringham,Hackathon
20240064,Kristoforo,Nanuccioi,Public Speaking
20240065,Vernor,Crich,Music
20240066,Manolo,Ridgway,Hackathon
20240067,Bria,Seak,Hackathon
20240068,Judi,Vosper,Music
20240069,Lane,Sanbroke,Sports
20240070,Boyce,Kinkead,Dance
20240071,Sibella,Ubee,Volunteering
20240073,Ranice,Saldler,Public Speaking
20240074,Nyssa,Dinsey,Public Speaking
20240076,Nickola,Paver,Volunteering
20240077,Florencia,MacCathay,Public Speaking
20240078,Hernando,Vezey,Sports
20240079,Sayres,Scopyn,Sports
20240080,Boothe,Kann,Volunteering
20240081,Howard,Kettlestringes,Music
20240082,Evvy,Pareman,Hackathon
20240083,Abraham,Pollitt,Volunteering
20240084,Brennan,Chong,Public Speaking
20240085,Venita,Holsall,Hackathon
20240087,Lark,Layland,Music
20240088,Ibbie,Oldknow,Dance
20240089,Leone,Buxam,Dance
20240090,Lisa,Ghilardi,Dance
20240091,Duncan,Pepi,Volunteering
20240092,Pete,Anthoine,Dance
20240093,Fanechka,Mitkov,Dance
20240094,Ilaire,Gaskin,Music
20240095,Tina,Smorfit,Music
20240096,Godfry,Domnin,Sports
20240097,Sergio,Eagland,Sports
20240099,Sonya,Fosken,Sports
20240100,Gnni,Shone,Sports
20240102,Ashlan,Laying,Sports
20240104,Pierson,Whitwham,Public Speaking
20240105,Cecil,Brounfield,Hackathon
20240106,Mallorie,Lead,Dance
20240108,Alphard,Mendes,Public Speaking
20240110,Marlowe,Barbosa,Dance
20240111,Marylou,Foxhall,Hackathon
20240112,Meryl,Keerl,Volunteering
20240113,Micheil,Dadd,Public Speaking
20240114,Suzie,Hefferan,Volunteering
20240115,Teodoro,Beuscher,Dance
20240116,Currey,Pywell,Music
20240117,Randie,Kryzhov,Public Speaking
20240118,Kinna,Myrie,Volunteering
20240119,Galven,Colwill,Hackathon
20240120,Jeanna,Engall,Dance
20240123,Allyson,Enevold,Dance
20240124,Ivan,Pettis,Dance
20240126,Wyatt,Urlich,Dance
20240128,Fawne,Kindleside,Hackathon
20240130,Alain,Linbohm,Sports
20240132,Ezequiel,Alcalde,Volunteering
20240133,Gerhardine,Willmer,Sports
20240134,Amalle,Boutflour,Dance
20240135,Basile,Huster,Volunteering
20240136,Lila,Dixsee,Volunteering
20240137,Carrie,Bunstone,Hackathon
20240140,Arabele,Vautier,Dance
20240141,Thain,Bielfeld,Public Speaking
20240142,Cassie,Jeppensen,Music
20240143,Constantin,Jennick,Music
20240144,Consuelo,Sappy,Public Speaking
20240147,Donelle,Pridham,Hackathon
20240148,Shaylyn,Cormode,Music
20240151,Colene,Abys,Public Speaking
20240152,Emmeline,Colam,Public Speaking
20240153,Rowland,Harrower,Dance
20240154,Modestia,Brightie,Volunteering
20240156,Jaquelyn,Waye,Hackathon
20240157,Catriona,Choke,Volunteering
20240158,Kevon,Skyme,Music
20240160,Tamas,Middlehurst,Sports
20240161,Bearnard,Cardozo,Sports
20240163,Pris,Vlasyuk,Dance
20240164,Lorain,Haddinton,Public Speaking
20240165,Gareth,Coyish,Public Speaking
20240166,Leonard,Nicklinson,Hackathon
20240167,Florina,Sainz,Volunteering
20240168,Angele,Golt,Dance
20240169,Dicky,Durbin,Dance
20240170,Russ,O' Clovan,Music
20240171,Linell,Daverin,Hackathon
20240172,Oby,Setford,Sports
20240173,Bob,McCraine,Music
20240174,Mikkel,Ibarra,Dance
20240178,Eleen,Gingedale,Dance
20240180,Francisco,Morpeth,Sports
20240181,Lombard,Kanwell,Hackathon
20240182,Berkie,Martschke,Dance
20240184,Becca,Everard,Volunteering
20240185,Lura,Alasdair,Music
20240186,Ula,Booton,Music
20240188,Alf,Rennison,Volunteering
20240189,Cosme,Meugens,Volunteering
20240190,Lorraine,Guidera,Dance
20240191,Lane,Haestier,Volunteering
20240192,Marietta,Ogilvy,Sports
20240193,Brnaby,Bloxholm,Public Speaking
20240194,Clari,Whilde,Hackathon
20240195,Hillard,Caldecot,Dance
20240196,Muffin,Paniman,Music
20240198,Brittan,Champain,Sports
20240199,Brand,Sircomb,Sports
20240200,Hew,Scotson,Dance
20240201,Tallie,Pettecrew,Public Speaking
20240203,Harlie,Redsell,Public Speaking
20240204,Dale,Castro,Volunteering
20240205,Kelvin,BURWIN,Music
20240206,Hilton,Hammerstone,Public Speaking
20240207,Daven,Macura,Dance
20240208,Ceciley,MacRanald,Sports
20240211,Rhonda,Lessmare,Music
20240212,Purcell,Burge,Hackathon
20240213,Marjie,Bunner,Sports
20240214,Kathye,Tout,Dance
20240215,Minta,Flott,Hackathon
20240216,Amie,Ricson,Hackathon
20240217,Tony,Block,Sports
20240218,Beret,Bullough,Public Speaking
20240219,Giulio,Grindlay,Volunteering
20240220,Vachel,Antognazzi,Hackathon
20240221,Bertha,Gonzalvo,Hackathon
20240222,Erhard,Lengthorn,Public Speaking
20240223,Karlene,Farlambe,Sports
20240225,Berky,Dandie,Sports
20240227,Rebecca,Rowbrey,Music
20240228,Constancy,Coolican,Dance
20240230,Claire,Mowlam,Volunteering
20240233,Robert,Wilce,Sports
20240234,Crissy,Crangle,Sports
20240237,Logan,Blackley,Hackathon
20240238,Lettie,Stapford,Public Speaking
20240240,Trudy,Trevillion,Sports
20240243,Hollyanne,Beilby,Hackathon
20240245,Briano,Primak,Music
20240246,Giovanna,Jaggs,Dance
20240247,Valentine,Davidovic,Hackathon
20240248,Loretta,Shovell,Music
20240250,Frederigo,Jerg,Dance
20240251,Maryellen,Heymann,Sports
20240252,Dwight,Peele,Dance
20240253,Rickey,Bowne,Sports
20240254,Harcourt,Cruz,Sports
20240256,Salvidor,Conlon,Hackathon
20240258,Baily,Solland,Music
20240259,Tracie,Milnthorpe,Public Speaking
20240261,Tobe,Buttner,Volunteering
20240262,Liesa,Jancik,Music
20240263,Waylan,Withrington,Sports
20240264,Maurice,Vaisey,Dance
20240265,Demetrius,Pawlata,Hackathon
20240267,Doreen,Huggett,Music
20240268,Haze,Fallawe,Sports
20240269,Darrelle,Kenway,Sports
20240270,Thalia,Falkner,Hackathon
20240271,Lorie,Robelet,Public Speaking
20240272,Donavon,Birkmyre,Sports
20240273,Manfred,Pinilla,Volunteering
20240275,Keelia,Scade,Sports
20240276,Kissiah,Barense,Volunteering
20240277,Jamil,Rosenau,Music
20240280,Morlee,Damerell,Dance
20240282,Reynold,Goad,Dance
20240284,Jerome,MattiCCI,Volunteering
20240285,Adoree,Harnetty,Music
20240286,Tiler,Schowenburg,Music
20240288,Angelina,Gatch,Sports
20240289,Otes,Daykin,Volunteering
20240290,Zelma,Austwick,Sports
20240291,Augustus,Fantini,Dance
20240292,Brandtr,Potes,Dance
20240293,Andonis,Filov,Sports
20240295,Fernando,Badsworth,Public Speaking
20240296,Dari,Dobbs,Volunteering
20240297,Eric,Elgy,Public Speaking
20240301,Karly,Fredi,Public Speaking
20240302,Marcelia,Reedie,Dance
20240303,Mackenzie,Morten,Music
20240304,Aleen,Ambrozik,Sports
20240305,Gallagher,MacCurley,Volunteering
20240306,Carmencita,Kemmey,Sports
20240307,Gayle,Nizard,Volunteering
20240308,Ninnetta,Behrens,Volunteering
20240309,Rubin,Sine,Sports
20240311,Ced,Fonzo,Hackathon
20240312,Filippa,Coote,Hackathon
20240313,Greggory,Fluit,Music
20240314,Gregoor,Braun,Sports
20240315,Benedikta,MacRory,Dance
20240317,Shelbi,Dumbrall,Volunteering
20240319,Killian,Coulthard,Sports
20240321,Helenelizabeth,Gemlett,Volunteering
20240322,Nikoletta,Lawther,Sports
20240323,Matias,Grimster,Sports
20240324,Chloe,Maingot,Music
20240325,Thomasine,McSharry,Public Speaking
20240326,Ana,Fyfield,Dance
20240328,Kaitlin,Bruckmann,Hackathon
20240330,Tracie,Filipov,Music
20240331,Bengt,Blundell,Public Speaking
20240332,Alis,Jedrychowski,Volunteering
20240334,Hersch,Matas,Dance
20240335,Cherida,Lindenberg,Sports
20240336,Andrea,Rizzetti,Hackathon
20240337,Linette,Gledhall,Hackathon
20240338,Johnathan,Jeandon,Sports
20240339,Cyndy,Blasio,Dance
20240340,Base,Rosell,Volunteering
20240341,Jason,Dougary,Music
20240342,Christalle,Anlay,Public Speaking
20240343,Hans,Gosker,Hackathon
20240344,Way,McCreath,Public Speaking
20240346,Nicholle,Treppas,Hackathon
20240347,Chilton,Corsan,Music
20240348,Goran,Greschik,Hackathon
20240349,Evyn,MacConchie,Sports
20240350,Allayne,Whettleton,Hackathon
20240351,Jandy,Impson,Public Speaking
20240352,Jim,Caldaro,Dance
20240353,Larine,Clogg,Sports
20240354,Chauncey,Whitham,Volunteering
20240356,Ara,Tither,Hackathon
20240357,Mora,McKennan,Volunteering
20240358,Jobi,Parradine,Dance
20240361,Christian,Montier,Volunteering
20240362,Flo,Heaps,Volunteering
20240363,Agna,Sleight,Hackathon
20240364,Torre,Brittoner,Dance
20240365,Harrietta,Bownas,Music
20240366,Vivienne,Pentecust,Hackathon
20240368,Hayden,Sitlinton,Volunteering
20240369,Gayla,Fotitt,Public Speaking
20240370,Renard,Relf,Dance
20240371,Virgie,Probert,Hackathon
20240372,Moria,Ottee,Public Speaking
20240373,Jaymie,Clemas,Public Speaking
20240375,Abbot,Willard,Public Speaking
20240376,Jacki,Shade,Hackathon
20240377,Barrie,Cordsen,Music
20240378,Eb,Farrer,Sports
20240379,Vernen,Grimbleby,Public Speaking
20240380,Lee,Parrish,Dance
20240381,Ogden,Woolford,Dance
20240383,Lowrance,Rounds,Sports
20240384,Misti,Gueinn,Dance
20240385,Guthrey,Dullingham,Public Speaking
20240386,Murielle,Dugood,Public Speaking
20240388,Ernie,Raithby,Music
20240392,Blithe,Torres,Sports
20240396,Elberta,Loudon,Hackathon
20240397,Ad,Dyde,Dance
20240399,Cherry,Pighills,Volunteering
20240400,Roma,Scain,Music
20240401,Shadow,Corbie,Public Speaking
20240402,Kameko,Vogl,Dance
20240403,Nana,Brock,Dance
20240404,Idell,Gini,Volunteering
20240405,Darren,Matashkin,Music
20240406,Lenard,Dumpleton,Music
20240407,Fielding,Rowatt,Public Speaking
20240408,Tobias,Gilfoy,Hackathon
20240409,Koo,Skyram,Music
20240410,Horst,Cuppleditch,Hackathon
20240411,Merrile,Hiskey,Hackathon
20240412,Forster,Kellog,Dance
20240416,Mylo,Antonich,Hackathon
20240418,Almeda,Donegan,Public Speaking
20240419,Bryon,Blodg,Sports
20240420,Sydney,Gabites,Public Speaking
20240422,Hashim,Sabie,Sports
20240423,Nessi,Signorelli,Hackathon
20240424,Orlan,Stife,Hackathon
20240425,Agna,Luard,Dance
20240426,Casar,Villar,Public Speaking
20240427,Rianon,McKennan,Volunteering
20240429,Whitney,McGavigan,Dance
20240430,Marcy,Henniger,Public Speaking
20240431,Waverley,McConville,Dance
20240432,Giffy,Fransman,Volunteering
20240433,Silvester,Romeuf,Volunteering
20240436,Burch,Brandsma,Hackathon
20240438,Corny,McGinley,Dance
20240440,Emlyn,Weblin,Sports
20240441,Cornie,Rowth,Sports
20240444,Kilian,Delmonti,Music
20240445,Sidoney,Faulkner,Volunteering
20240446,Jemie,Clemon,Music
20240447,Jeannette,Abilowitz,Public Speaking
20240448,Elana,Harkin,Volunteering
20240449,Bea,Swenson,Sports
20240451,Miquela,Eastman,Public Speaking
20240452,Clementine,Mabbs,Dance
20240456,Shelden,Blair,Volunteering
20240457,Davon,Radford,Music
20240458,Franchot,Wordley,Public Speaking
20240459,Astrid,Brooksbank,Music
20240460,Nertie,Dubery,Dance
20240461,Tades,Kimbell,Hackathon
20240462,Lodovico,Stainton - Skinn,Music
20240463,Bernice,Ackerman,Dance
20240464,Arlette,Stanier,Volunteering
20240465,Josefa,Raynham,Sports
20240467,Beatrix,Bowcock,Volunteering
20240470,Julius,Gunbie,Dance
20240472,Gill,O'Rodane,Public Speaking
20240473,Georas,Castagneto,Dance
20240474,Dianne,Senussi,Music
20240476,Sonya,Gladdis,Public Speaking
20240479,Dyane,Tomowicz,Dance
20240480,Gayel,Normand,Volunteering
20240482,Kingsley,Leetham,Sports
20240483,Carly,O'Spellissey,Public Speaking
20240484,Wyatt,Boddymead,Hackathon
20240485,Natalina,Jelfs,Public Speaking
20240486,Xever,Jeeks,Dance
20240489,Tiffi,Coxwell,Public Speaking
20240490,Kym,Meneur,Public Speaking
20240491,Devin,Coultard,Sports
20240495,Michail,Lyburn,Sports
20240496,Bessy,Mumbeson,Dance
20240497,Sawyer,Willcocks,Public Speaking
20240498,Jerry,Jirka,Sports
20240499,Sindee,Hukins,Music
20240500,Simone,Local,Volunteering
20240501,Shritika,Gauchan,Dance
20240502,Sandesh,Basnet
20240503,Aarya,Bhandari
20240504,Pushpa,Rimal
20240002,Sukey,Waldron,Hackathon
20240003,Vilhelmina,Hollows,Hackathon
20240004,Glynnis,Adanez,Music
20240006,Daniella,Python,Volunteering
20240007,Berny,Bullier,Music
20240008,Sidnee,McKelvie,Sports
20240009,Valera,Bernakiewicz,Volunteering
20240010,Atalanta,Burniston,Music
20240011,Eolande,McGettigan,Hackathon
20240013,Jodie,Shadrach,Volunteering
20240014,Ulla,Kinvig,Hackathon
20240015,Wald,Couvet,Music
20240017,Horacio,Niessen,Sports
20240019,Vonny,Bambridge,Music
20240020,Lyndsay,Wicks,Sports
20240021,Kandace,Sheldrake,Public Speaking
20240024,Jessey,Byneth,Public Speaking
20240025,Sandie,Bedome,Volunteering
20240026,Wally,Krol,Volunteering
20240030,Paddy,Kigelman,Sports
20240034,Zora,Binestead,Sports
20240036,Ibby,Schwandermann,Hackathon
20240037,Ted,Kiellor,Sports
20240038,Ingar,Jedrzej,Volunteering
20240039,Catie,Evennett,Sports
20240040,Latashia,Spurrett,Volunteering
20240043,Letti,Overil,Dance
20240046,Ciel,Kneel,Public Speaking
20240047,Barth,Shaddock,Hackathon
20240048,Verine,Theaker,Sports
20240049,Bob,Mingame,Music
20240050,Brenden,Pikesley,Public Speaking
20240052,Elisabetta,Leidecker,Public Speaking
20240054,Kelsey,MacAless,Public Speaking
20240055,Zelda,Antrack,Hackathon
20240056,Mikel,Clem,Dance
20240057,Oralia,Giovanitti,Hackathon
20240058,Gradeigh,McRae,Public Speaking
20240059,Hayes,Heaker,Music
20240060,Nert,Gaymar,Dance
20240061,Loretta,Skellen,Music
20240062,Horatia,Keable,Hackathon
20240063,Violante,Wintringham,Hackathon
20240064,Kristoforo,Nanuccioi,Public Speaking
20240065,Vernor,Crich,Music
20240066,Manolo,Ridgway,Hackathon
20240067,Bria,Seak,Hackathon
20240068,Judi,Vosper,Music
20240069,Lane,Sanbroke,Sports
20240070,Boyce,Kinkead,Dance
20240071,Sibella,Ubee,Volunteering
20240073,Ranice,Saldler,Public Speaking
20240074,Nyssa,Dinsey,Public Speaking
20240076,Nickola,Paver,Volunteering
20240077,Florencia,MacCathay,Public Speaking
20240078,Hernando,Vezey,Sports
20240079,Sayres,Scopyn,Sports
20240080,Boothe,Kann,Volunteering
20240081,Howard,Kettlestringes,Music
20240082,Evvy,Pareman,Hackathon
20240083,Abraham,Pollitt,Volunteering
20240084,Brennan,Chong,Public Speaking
20240085,Venita,Holsall,Hackathon
20240087,Lark,Layland,Music
20240088,Ibbie,Oldknow,Dance
20240089,Leone,Buxam,Dance
20240090,Lisa,Ghilardi,Dance
20240091,Duncan,Pepi,Volunteering
20240092,Pete,Anthoine,Dance
20240093,Fanechka,Mitkov,Dance
20240094,Ilaire,Gaskin,Music
20240095,Tina,Smorfit,Music
20240096,Godfry,Domnin,Sports
20240097,Sergio,Eagland,Sports
20240099,Sonya,Fosken,Sports
20240100,Gnni,Shone,Sports
20240102,Ashlan,Laying,Sports
20240104,Pierson,Whitwham,Public Speaking
20240105,Cecil,Brounfield,Hackathon
20240106,Mallorie,Lead,Dance
20240108,Alphard,Mendes,Public Speaking
20240110,Marlowe,Barbosa,Dance
20240111,Marylou,Foxhall,Hackathon
20240112,Meryl,Keerl,Volunteering
20240113,Micheil,Dadd,Public Speaking
20240114,Suzie,Hefferan,Volunteering
20240115,Teodoro,Beuscher,Dance
20240116,Currey,Pywell,Music
20240117,Randie,Kryzhov,Public Speaking
20240118,Kinna,Myrie,Volunteering
20240119,Galven,Colwill,Hackathon
20240120,Jeanna,Engall,Dance
20240123,Allyson,Enevold,Dance
20240124,Ivan,Pettis,Dance
20240126,Wyatt,Urlich,Dance
20240128,Fawne,Kindleside,Hackathon
20240130,Alain,Linbohm,Sports
20240132,Ezequiel,Alcalde,Volunteering
20240133,Gerhardine,Willmer,Sports
20240134,Amalle,Boutflour,Dance
20240135,Basile,Huster,Volunteering
20240136,Lila,Dixsee,Volunteering
20240137,Carrie,Bunstone,Hackathon
20240140,Arabele,Vautier,Dance
20240141,Thain,Bielfeld,Public Speaking
20240142,Cassie,Jeppensen,Music
20240143,Constantin,Jennick,Music
20240144,Consuelo,Sappy,Public Speaking
20240147,Donelle,Pridham,Hackathon
20240148,Shaylyn,Cormode,Music
20240151,Colene,Abys,Public Speaking
20240152,Emmeline,Colam,Public Speaking
20240153,Rowland,Harrower,Dance
20240154,Modestia,Brightie,Volunteering
20240156,Jaquelyn,Waye,Hackathon
20240157,Catriona,Choke,Volunteering
20240158,Kevon,Skyme,Music
20240160,Tamas,Middlehurst,Sports
20240161,Bearnard,Cardozo,Sports
20240163,Pris,Vlasyuk,Dance
20240164,Lorain,Haddinton,Public Speaking
20240165,Gareth,Coyish,Public Speaking
20240166,Leonard,Nicklinson,Hackathon
20240167,Florina,Sainz,Volunteering
20240168,Angele,Golt,Dance
20240169,Dicky,Durbin,Dance
20240170,Russ,O' Clovan,Music
20240171,Linell,Daverin,Hackathon
20240172,Oby,Setford,Sports
20240173,Bob,McCraine,Music
20240174,Mikkel,Ibarra,Dance
20240178,Eleen,Gingedale,Dance
20240180,Francisco,Morpeth,Sports
20240181,Lombard,Kanwell,Hackathon
20240182,Berkie,Martschke,Dance
20240184,Becca,Everard,Volunteering
20240185,Lura,Alasdair,Music
20240186,Ula,Booton,Music
20240188,Alf,Rennison,Volunteering
20240189,Cosme,Meugens,Volunteering
20240190,Lorraine,Guidera,Dance
20240191,Lane,Haestier,Volunteering
20240192,Marietta,Ogilvy,Sports
20240193,Brnaby,Bloxholm,Public Speaking
20240194,Clari,Whilde,Hackathon
20240195,Hillard,Caldecot,Dance
20240196,Muffin,Paniman,Music
20240198,Brittan,Champain,Sports
20240199,Brand,Sircomb,Sports
20240200,Hew,Scotson,Dance
20240201,Tallie,Pettecrew,Public Speaking
20240203,Harlie,Redsell,Public Speaking
20240204,Dale,Castro,Volunteering
20240205,Kelvin,BURWIN,Music
20240206,Hilton,Hammerstone,Public Speaking
20240207,Daven,Macura,Dance
20240208,Ceciley,MacRanald,Sports
20240211,Rhonda,Lessmare,Music
20240212,Purcell,Burge,Hackathon
20240213,Marjie,Bunner,Sports
20240214,Kathye,Tout,Dance
20240215,Minta,Flott,Hackathon
20240216,Amie,Ricson,Hackathon
20240217,Tony,Block,Sports
20240218,Beret,Bullough,Public Speaking
20240219,Giulio,Grindlay,Volunteering
20240220,Vachel,Antognazzi,Hackathon
20240221,Bertha,Gonzalvo,Hackathon
20240222,Erhard,Lengthorn,Public Speaking
20240223,Karlene,Farlambe,Sports
20240225,Berky,Dandie,Sports
20240227,Rebecca,Rowbrey,Music
20240228,Constancy,Coolican,Dance
20240230,Claire,Mowlam,Volunteering
20240233,Robert,Wilce,Sports
20240234,Crissy,Crangle,Sports
20240237,Logan,Blackley,Hackathon
20240238,Lettie,Stapford,Public Speaking
20240240,Trudy,Trevillion,Sports
20240243,Hollyanne,Beilby,Hackathon
20240245,Briano,Primak,Music
20240246,Giovanna,Jaggs,Dance
20240247,Valentine,Davidovic,Hackathon
20240248,Loretta,Shovell,Music
20240250,Frederigo,Jerg,Dance
20240251,Maryellen,Heymann,Sports
20240252,Dwight,Peele,Dance
20240253,Rickey,Bowne,Sports
20240254,Harcourt,Cruz,Sports
20240256,Salvidor,Conlon,Hackathon
20240258,Baily,Solland,Music
20240259,Tracie,Milnthorpe,Public Speaking
20240261,Tobe,Buttner,Volunteering
20240262,Liesa,Jancik,Music
20240263,Waylan,Withrington,Sports
20240264,Maurice,Vaisey,Dance
20240265,Demetrius,Pawlata,Hackathon
20240267,Doreen,Huggett,Music
20240268,Haze,Fallawe,Sports
20240269,Darrelle,Kenway,Sports
20240270,Thalia,Falkner,Hackathon
20240271,Lorie,Robelet,Public Speaking
20240272,Donavon,Birkmyre,Sports
20240273,Manfred,Pinilla,Volunteering
20240275,Keelia,Scade,Sports
20240276,Kissiah,Barense,Volunteering
20240277,Jamil,Rosenau,Music
20240280,Morlee,Damerell,Dance
20240282,Reynold,Goad,Dance
20240284,Jerome,MattiCCI,Volunteering
20240285,Adoree,Harnetty,Music
20240286,Tiler,Schowenburg,Music
20240288,Angelina,Gatch,Sports
20240289,Otes,Daykin,Volunteering
20240290,Zelma,Austwick,Sports
20240291,Augustus,Fantini,Dance
20240292,Brandtr,Potes,Dance
20240293,Andonis,Filov,Sports
20240295,Fernando,Badsworth,Public Speaking
20240296,Sandesh,Dobbs,Volunteering
20240297,Eric,Elgy,Public Speaking
20240301,Karly,Fredi,Public Speaking
20240302,Marcelia,Reedie,Dance
20240303,Mackenzie,Morten,Music
20240304,Aleen,Ambrozik,Sports
20240305,Gallagher,MacCurley,Volunteering
20240306,Carmencita,Kemmey,Sports
20240307,Gayle,Nizard,Volunteering
20240308,Ninnetta,Behrens,Volunteering
20240309,Rubin,Sine,Sports
20240311,Ced,Fonzo,Hackathon
20240312,Filippa,Coote,Hackathon
20240313,Greggory,Fluit,Music
20240314,Gregoor,Braun,Sports
20240315,Benedikta,MacRory,Dance
20240317,Shelbi,Dumbrall,Volunteering
20240319,Killian,Coulthard,Sports
20240321,Helenelizabeth,Gemlett,Volunteering
20240322,Nikoletta,Lawther,Sports
20240323,Matias,Grimster,Sports
20240324,Chloe,Maingot,Music
20240325,Thomasine,McSharry,Public Speaking
20240326,Ana,Fyfield,Dance
20240328,Kaitlin,Bruckmann,Hackathon
20240330,Tracie,Filipov,Music
20240331,Bengt,Blundell,Public Speaking
20240332,Alis,Jedrychowski,Volunteering
20240334,Hersch,Matas,Dance
20240335,Cherida,Lindenberg,Sports
20240336,Andrea,Rizzetti,Hackathon
20240337,Linette,Gledhall,Hackathon
20240338,Johnathan,Jeandon,Sports
20240339,Cyndy,Blasio,Dance
20240340,Base,Rosell,Volunteering
20240341,Jason,Dougary,Music
20240342,Christalle,Anlay,Public Speaking
20240343,Hans,Gosker,Hackathon
20240344,Way,McCreath,Public Speaking
20240346,Nicholle,Treppas,Hackathon
20240347,Chilton,Corsan,Music
20240348,Goran,Greschik,Hackathon
20240349,Evyn,MacConchie,Sports
20240350,Allayne,Whettleton,Hackathon
20240351,Jandy,Impson,Public Speaking
20240352,Jim,Caldaro,Dance
20240353,Larine,Clogg,Sports
20240354,Chauncey,Whitham,Volunteering
20240356,Ara,Tither,Hackathon
20240357,Mora,McKennan,Volunteering
20240358,Jobi,Parradine,Dance
20240361,Christian,Montier,Volunteering
20240362,Flo,Heaps,Volunteering
20240363,Agna,Sleight,Hackathon
20240364,Torre,Brittoner,Dance
20240365,Harrietta,Bownas,Music
20240366,Vivienne,Pentecust,Hackathon
20240368,Hayden,Sitlinton,Volunteering
20240369,Gayla,Fotitt,Public Speaking
20240370,Renard,Relf,Dance
20240371,Virgie,Probert,Hackathon
20240372,Moria,Ottee,Public Speaking
20240373,Jaymie,Clemas,Public Speaking
20240375,Abbot,Willard,Public Speaking
20240376,Jacki,Shade,Hackathon
20240377,Barrie,Cordsen,Music
20240378,Eb,Farrer,Sports
20240379,Vernen,Grimbleby,Public Speaking
20240380,Lee,Parrish,Dance
20240381,Ogden,Woolford,Dance
20240383,Lowrance,Rounds,Sports
20240384,Misti,Gueinn,Dance
20240385,Guthrey,Dullingham,Public Speaking
20240386,Murielle,Dugood,Public Speaking
20240388,Ernie,Raithby,Music
20240392,Blithe,Torres,Sports
20240396,Elberta,Loudon,Hackathon
20240397,Ad,Dyde,Dance
20240399,Cherry,Pighills,Volunteering
20240400,Roma,Scain,Music
20240401,Shadow,Corbie,Public Speaking
20240402,Kameko,Vogl,Dance
20240403,Nana,Brock,Dance
20240404,Idell,Gini,Volunteering
20240405,Darren,Matashkin,Music
20240406,Lenard,Dumpleton,Music
20240407,Fielding,Rowatt,Public Speaking
20240408,Tobias,Gilfoy,Hackathon
20240409,Koo,Skyram,Music
20240410,Horst,Cuppleditch,Hackathon
20240411,Merrile,Hiskey,Hackathon
20240412,Forster,Kellog,Dance
20240416,Mylo,Antonich,Hackathon
20240418,Almeda,Donegan,Public Speaking
20240419,Bryon,Blodg,Sports
20240420,Sydney,Gabites,Public Speaking
20240422,Hashim,Sabie,Sports
20240423,Nessi,Signorelli,Hackathon
20240424,Orlan,Stife,Hackathon
20240425,Agna,Luard,Dance
20240426,Casar,Villar,Public Speaking
20240427,Rianon,McKennan,Volunteering
20240429,Whitney,McGavigan,Dance
20240430,Marcy,Henniger,Public Speaking
20240431,Waverley,McConville,Dance
20240432,Giffy,Fransman,Volunteering
20240433,Silvester,Romeuf,Volunteering
20240436,Burch,Brandsma,Hackathon
20240438,Corny,McGinley,Dance
20240440,Emlyn,Weblin,Sports
20240441,Cornie,Rowth,Sports
20240444,Kilian,Delmonti,Music
20240445,Sidoney,Faulkner,Volunteering
20240446,Jemie,Clemon,Music
20240447,Jeannette,Abilowitz,Public Speaking
20240448,Elana,Harkin,Volunteering
20240449,Bea,Swenson,Sports
20240451,Miquela,Eastman,Public Speaking
20240452,Clementine,Mabbs,Dance
20240456,Shelden,Blair,Volunteering
20240457,Davon,Radford,Music
20240458,Franchot,Wordley,Public Speaking
20240459,Astrid,Brooksbank,Music
20240460,Nertie,Dubery,Dance
20240461,Tades,Kimbell,Hackathon
20240462,Lodovico,Stainton - Skinn,Music
20240463,Bernice,Ackerman,Dance
20240464,Arlette,Stanier,Volunteering
20240465,Josefa,Raynham,Sports
20240467,Beatrix,Bowcock,Volunteering
20240470,Julius,Gunbie,Dance
20240472,Gill,O'Rodane,Public Speaking
20240473,Georas,Castagneto,Dance
20240474,Dianne,Senussi,Music
20240476,Sonya,Gladdis,Public Speaking
20240479,Dyane,Tomowicz,Dance
20240480,Gayel,Normand,Volunteering
20240482,Kingsley,Leetham,Sports
20240483,Carly,O'Spellissey,Public Speaking
20240484,Wyatt,Boddymead,Hackathon
20240485,Natalina,Jelfs,Public Speaking
20240486,Xever,Jeeks,Dance
20240489,Tiffi,Coxwell,Public Speaking
20240490,Kym,Meneur,Public Speaking
20240491,Devin,Coultard,Sports
20240495,Michail,Lyburn,Sports
20240496,Bessy,Mumbeson,Dance
20240497,Sawyer,Willcocks,Public Speaking
20240498,Jerry,Jirka,Sports
20240499,Sindee,Hukins,Music
20240500,Simone,Local,Volunteering
20240501,Shritika,Gauchan,Dance
20240502,Sandesh,Basnet,
20240503,Aarya,Bhandari,
20240504,Pushpa,Rimal,
20240504,Pushpa,Rimal
