id,password,role
20240001,sE5{nRSx,admin
20240002,qS7!Hcya<2(SZmBL,student
20240003,tX8{g~Dy#Jg,student
20240004,"jD6""/!=JzFel)<\s",student
20240005,xD0+|S*).rx+6>,admin
20240006,pJ8~B%JqF$>a,student
20240007,rJ0~m=<vF7,student
20240008,qC1?+OmvBzV,student
20240009,yT4<~$|l/z_Iw(1,student
20240010,tN9/\f>gR5aXX&kk,student
20240011,lM5_3P.x~c\5,student
20240012,lV1<ieZO,teacher
20240013,uL8{6bkglr@hb6o,student
20240014,jF1$IBipLF',student
20240015,kM1}yDh{mk.8M0,student
20240016,cM8.T0bH2X,teacher
20240017,uO6|iI_bXo\hPgE,student
20240018,sZ5/hU~VT},admin
20240019,wW5+P#~82.y!ORb4,student
20240020,hS7@j~.Fnmr,student
20240021,eU7{Ui#+n3B$I3lu,student
20240022,"xI4|/X*91`u%e,_p",admin
20240023,tC2=A+\ykD!r,admin
20240024,uV6$3$wr,student
20240025,uA0_IDXoz=ufWYL,student
20240026,"aA7.{DS,T`*OH",student
20240027,xT9~feSZz<?3K,teacher
20240028,fN5)preDm,teacher
20240029,xW7'k{OYKm,teacher
20240030,jP0%KcY$dhSQrXL',student
20240031,rZ5\rmO@),teacher
20240032,"iB5`s""8F\'iYC",teacher
20240033,"pY6""h+B&t",teacher
20240034,fV3(f_bt(a@P.,student
20240035,wI9_*DUA9cTWQ,teacher
20240036,uK4/Q/LIzcy71~,student
20240037,yW4@Nw.wpc~TkYE,student
20240038,bQ4@rSXF`,student
20240039,wV4~?(&xJ@f,student
20240040,cB4`h/o?,student
20240041,hX9#TF7oxR=M$Sh,teacher
20240042,eS4~'=H(3OZM=Z,admin
20240043,nY1'm3Iv,student
20240044,"iM2""Gz|@e",admin
20240045,"cU4@4CQk""5rh3",teacher
20240046,nC5`zR{.U/LD,student
20240047,pS2.67c_*P<Q,student
20240048,qX4(JvGap=3,student
20240049,yY6.U+i`6{vQmh!,student
20240050,nS3!'QlEJW_MBzc,student
20240051,hX0#ICS{UimQ6,admin
20240052,jY4.s`D5t'e7Qq,student
20240053,rW8'vE#}eN,admin
20240054,mZ9!sKp#t3pi&!B&,student
20240055,qF0(%w(xetOJa=N1,student
20240056,uM6%`mk@B,student
20240057,iW9+)RH)SfSv>)J,student
20240058,rD9(}T%4.N7$6N3`,student
20240059,"wP6!,BIz5o}<8d*",student
20240060,"sO0=>(}VZJ~,a@/",student
20240061,"aO4)9B'H/sPRS""",student
20240062,xR5}aL63&Etel),student
20240063,lV2??xr%QyHH,student
20240064,qB6{)yTOA%B6*Y*m,student
20240065,"nA0+?z""Qn5j>Llh6",student
20240066,eJ9?8EiCJ#ix,student
20240067,xJ3}XMp@k})@),student
20240068,pE6}3\ooigc,student
20240069,jC5|*Oe\%KyW,student
20240070,xO1+C+OmG'$b9p,student
20240071,dS5|BQ`rHTiUo,student
20240072,wN0*N{fR,admin
20240073,uT8#SoDOby9b>hxr,student
20240074,jX6@X~7/c5}_2Y',student
20240075,"lC9&,m$NQ85W<",admin
20240076,jR1\)=7S&P`Sq.,student
20240077,"aJ8,E%a&?=@8~i",student
20240078,kL2)/|`?0{bID,student
20240079,nP1$+11YAD!\j/bg,student
20240080,dJ0'(lvf@,student
20240081,"dE1_x8lJp}""b",student
20240082,"jL2""4|0_SM",student
20240083,gA1.~Nu17=U,student
20240084,yK2+U(H$,student
20240085,rZ6'rY4Vm$e?oi,student
20240086,dU0_#J+Yq(y,teacher
20240087,tI3%29up!IQejfyQ,student
20240088,"aM3,cJYh",student
20240089,gL5!)2'h(?+M?C,student
20240090,lI8/d2VToJ_+|',student
20240091,oI6!+\Ls,student
20240092,dN1$S*?UHJZ~`9Wv,student
20240093,"iT9/,8=,!m",student
20240094,tH3_ypi6le}W$Jv6,student
20240095,vK4.zg_h,student
20240096,kM1}U}x/Qd\W3,student
20240097,dO9_)ykMQ,student
20240098,nT9?~Kkl,teacher
20240099,zS5.c3Ql!vMvVW,student
20240100,kA2(iFeI56XZ,student
20240101,gN7$R!H#1$?+,teacher
20240102,aX8#YIu{)Z,student
20240103,mJ6*AthcTwGx,admin
20240104,wO5*>wKv+5R@xM,student
20240105,iG3?KPPb`ge4,student
20240106,eC6/QrOGn,student
20240107,dR5_1pKLjxT&|0H,teacher
20240108,dY7$VGn'=/\*%~zN,student
20240109,dA9=.>yJyc,admin
20240110,"dI1}r}>,S%,",student
20240111,"pH0_.TJ8Ag\u,/e",student
20240112,lG1>O7{bX!o'=iHz,student
20240113,xV4'xKJrImgKW,student
20240114,"rM7$v,/8.16H$fyS",student
20240115,gG8!UMl/Ao)\%!D,student
20240116,kB6{|iY*s{vC},student
20240117,sU0<s%~O#.k%W0(_,student
20240118,iX8_Y!.O|ZJi$v,student
20240119,"yA1<Q""P'{li*3",student
20240120,sF1<Prvd,student
20240121,aQ6!uvI@Ugwg6,admin
20240122,bH1`c2PEF1Xi@2E5,admin
20240123,cI8{&5!K*,student
20240124,dJ8.'bGb2L,student
20240125,jU4%6QakU,teacher
20240126,pG9(3fOe$9!m,student
20240127,oR4?uUA'_W()f`,teacher
20240128,"eM6<Ng(""6"",a",student
20240129,kH4)OhDF`t(=@q6,teacher
20240130,xI1}?4_<aiY,student
20240131,yP7>.$|*,teacher
20240132,"lF1!<)B%H,",student
20240133,hZ9#d`7pc',student
20240134,iC2\kSk=C%U0*S\,student
20240135,"cW5""C5RDW6}cP",student
20240136,vV8(e\n.jx+9/,student
20240137,vM2@W{oW5,student
20240138,kA3_R~6rn?!iZnka,teacher
20240139,xM4_lJHY?/,teacher
20240140,tB3$<`HXb\HtH,student
20240141,sV6*H3y%g2,student
20240142,iG4?vF6U,student
20240143,eB3{Og<Y0),student
20240144,bV3({q4FPJ}kPv,student
20240145,vU4@+KwYiw*/KPX,teacher
20240146,"cX1,1\kAg",teacher
20240147,"yW7%>eA""t)5_",student
20240148,lI7#/Cp!g=m)K,student
20240149,"fT5{QJ,mN",admin
20240150,rH5$L&&nq}?i}u,admin
20240151,xL5$E0}$Z@P\ar,student
20240152,mM5*/G=\<Ncb>`,student
20240153,fN8/|t!~mIs,student
20240154,lM6&Nh'>X,student
20240155,"lY9,9<gCU|C",teacher
20240156,uX8%TQv6Ida=b~UB,student
20240157,"bR0`S/5O6P,>A",student
20240158,"vH6""BS.hb4",student
20240159,"jE6#dD0{V""aojhW~",admin
20240160,"yE2)4""s}pA,#Z\",student
20240161,"bH1(B,Z/giS#""D2",student
20240162,oZ5_KZ$U}M>/!ge,admin
20240163,nM6#F_5Pl_!(6Y,student
20240164,zP9%g)sDXcfiQNF5,student
20240165,vK0_nBkEBoxM!o,student
20240166,zI8)@Ydxq,student
20240167,pG5{rj3&nd@62tz,student
20240168,"mR1#ogskz%I,PSe",student
20240169,"vA6_kn""w!HW",student
20240170,zT2*>j@<@e(\jg,student
20240171,vE4!!8n_('F&y!~W,student
20240172,pV4)Y'd27Y2L',student
20240173,qN8>l>F6<o#*4e,student
20240174,"gJ3$,6A?D",student
20240175,pW0)&XxJ<n}xB''L,admin
20240176,"lL6*2)(""/A<,",teacher
20240177,aN5<H!0jjY!Hq!,teacher
20240178,cC9$V|Li$aUVc,student
20240179,bK4+E2PHz?B@a$,admin
20240180,cL6{FfJ<,student
20240181,xJ7%9KqgzuB80,student
20240182,"jB3()""WF/k",student
20240183,yZ1_`E}Tmr'/m,admin
20240184,"hR0""M'v>'Yz3U",student
20240185,"mU0.HQ9(,uFq.X)",student
20240186,zX1/yRjJ)Q~R$vd,student
20240187,oF1$|!!p\k.Tl=sf,teacher
20240188,"xG0""'S>@'w*+ta3>",student
20240189,qS5%'tmm5@jJ`'B~,student
20240190,xK1{Jyf7=p#DY~,student
20240191,hH3%rq}\`uHw,student
20240192,"fB8+9V%0p,Up",student
20240193,hC8\N7N1l,student
20240194,cP6`)5PmzY!_wU},student
20240195,"xY1!""w(V9",student
20240196,fR4`T`kpR+,student
20240197,tX5\LSb5@d$<_8p6,teacher
20240198,uC8\S&{F,student
20240199,"oV9%Z6yMw""IbJ",student
20240200,mQ7/U78KEdXz?VMA,student
20240201,pN7@pU>{u,student
20240202,hR0~C=I=AS,admin
20240203,zJ2(iWJsD,student
20240204,"hX2#|P6B|c>i,",student
20240205,lE2*maaIG`}{ZNW>,student
20240206,"qC1""*P""`F32Fp@\",student
20240207,"rR0/`~6L,aej",student
20240208,iC2~<xXx>}}lj,student
20240209,yX3}4>?)l,admin
20240210,mA8!tE$kJg%'@,admin
20240211,fC7#CM|R4oTHs},student
20240212,gR6.8Gxr}o0K,student
20240213,"jC4_0}xG'KQ""t",student
20240214,rP5(s)i7,student
20240215,pF3#Wn11JRzC7E,student
20240216,nR5*IS(#dW&Rh0,student
20240217,"iV0\uP3/""`B\FL",student
20240218,fE7=CV&f6c<,student
20240219,jP9|6jCe,student
20240220,"zS9}K(MJ!qW#,cq",student
20240221,"bZ1""{TCo}#PKZ",student
20240222,wS1}rK%g,student
20240223,yL1*E$D(nN,student
20240224,"zO6,}.<=3453x",teacher
20240225,mQ6|1I}}l`B,student
20240226,nX7*vcTBYHfO~,teacher
20240227,"xR6+A50(6T_F""g=I",student
20240228,"yG8&Fv%~""km?qod",student
20240229,"oO3""h{bPfR",teacher
20240230,qF5_kRLIY+,student
20240231,kD5#@znHv&R@d?=,admin
20240232,zW7(y8/7DJ{d,teacher
20240233,sA7}UIBt6GQZE,student
20240234,kC0+pj87Pa)}<Q.,student
20240235,nO4>Zo0?6O&hdm11,teacher
20240236,iM9$n8G\@L/&j,teacher
20240237,sH1@/~HV==F~tW9k,student
20240238,bK3=h{<0O,student
20240239,tK7{C7RwqO@6iXdo,teacher
20240240,cW1>hc!fo3!nT\\8,student
20240241,wT8>YODm'7$c8,teacher
20240242,"gO3""`zs0_9<LUO~F",admin
20240243,jT9*olh3gW3|z5K,student
20240244,bC4#k6G9'Sg()Oo,admin
20240245,aI4*%#2|hUIJ0XU,student
20240246,qG8@R6(RA{4,student
20240247,"kH3>fo}zSgI+!Z""D",student
20240248,"qW4_s,$M,EmD?#U",student
20240249,"lW1<KvKU""i,CJN/",teacher
20240250,vK2}G==f!%T`~Xc,student
20240251,cO8<M.#42De/,student
20240252,zM5<=0$=,student
20240253,iH2\iEd6L|IH2R,student
20240254,xW5<Nks5At({?b,student
20240255,sE2+LuMAG*`Tz},teacher
20240256,pD8'(W*UNCS{5,student
20240257,lD8'g8>RC{zd,teacher
20240258,cX2*!|dCmPozo$`,student
20240259,pY9&m+Vfp,student
20240260,iH9#bit%pMY,teacher
20240261,"iV0+}k?""Ue0hU",student
20240262,"bX0,RHa>Azb!*",student
20240263,wC9'OA}&nm\'E,student
20240264,bT3|nJY3B9|=,student
20240265,zP9!hQc6bXRRnOX,student
20240266,"nV2\f>i""""wPQ?'j",admin
20240267,lF1#yu36,student
20240268,sI3'UwQ)zImC=A.E,student
20240269,nX1)>uI43fseJ.=,student
20240270,"bA9/,c1m<fD",student
20240271,iX9+H8Ah9RDyq{,student
20240272,tJ6`~Rq+@M<5,student
20240273,"gT8""}p=)|(",student
20240274,qR9%keX/,teacher
20240275,tC2|w<n`Z#d/(,student
20240276,"fM7""Psn~zN/_d",student
20240277,wY9#Gzisd,student
20240278,"xS9,TuSX@/vJ",teacher
20240279,uT6+.g{RUJeF,teacher
20240280,nR2>W9FDF$,student
20240281,"nN8.{l%,pQI=",admin
20240282,jP9*\hM}/HNbQ,student
20240283,"nL8@""u>#hd}7M+g",teacher
20240284,"kJ3,Kx""8J_t$fu",student
20240285,uJ6$|U`SAa<.,student
20240286,cO6/slqEE7Nda\(,student
20240287,eH2)E8XR_9JC,teacher
20240288,eM8.?SgQ,student
20240289,gE7)H{x@lIsplN$3,student
20240290,jW6|9ZD%6,student
20240291,cO1/5f\PtBRFZ,student
20240292,uI4|NP6nU9\)l,student
20240293,yC3}89*0AFuz$3,student
20240294,jO6/ZGoXvq,teacher
20240295,lZ6{_Zwp_Kd,student
20240296,nM7>*{o7LWgpBTt`,student
20240297,"iV1,Vwusppg",student
20240298,uD8/!N9p`Ar&o%,admin
20240299,"hF4$$W,2n@",teacher
20240300,cD7.ChY9{jA,teacher
20240301,"mW4_k/bStz,n}",student
20240302,hG5*mRw=UuL\0,student
20240303,qG6?xJ}u*?btnYx,student
20240304,mU7_uxo}ww/D,student
20240305,hF1\wU4>G,student
20240306,eF6>VgpQAgc%,student
20240307,fQ2(dz'l6a{YH(_,student
20240308,eT7<N|o9Z,student
20240309,tZ1{BWi?|2T.4,student
20240310,rI0}2bT((i,teacher
20240311,qU6=?HsM6+QN7L9/,student
20240312,lS9?'!N&&X,student
20240313,bU9{*3\SnA#,student
20240314,zI1*Er4?P1#1b,student
20240315,cQ6=&4IA+~L<fQpv,student
20240316,"uY4~q,!+Tzj",admin
20240317,kF4|F/ou\g<'r,student
20240318,"tV7#i,?0qs'kSTT",teacher
20240319,dD9<CmRof>b,student
20240320,pT3'bsBc{vi,teacher
20240321,bL7{%Z$1qN~qO586,student
20240322,sN6(&9pSkb,student
20240323,mU6'9X4aEG1i,student
20240324,rU1(DRd#q,student
20240325,"xX3@cij|k,&e,Gki",student
20240326,qQ7<!63+=|,student
20240327,"oF4""LvC6",teacher
20240328,jD1#tkQ2W,student
20240329,pI4*A>yc,admin
20240330,iX3=g9$}>ym,student
20240331,uI8{yam_,student
20240332,nK9.K|6XTK#lUS},student
20240333,uU4$rZVIWH,admin
20240334,cM8+muw#,student
20240335,eB9$W*xsaVfs%A,student
20240336,"pB1_WCmP93,u",student
20240337,gY8>(pe)EvXMO,student
20240338,"mQ0+8wr('Q""$I",student
20240339,jC2>O9X3I6GR4,student
20240340,gD8~'M$m%z,student
20240341,gS1<Xd9.|,student
20240342,tN6~xkQ$o,student
20240343,bM3~T.DCYdo)>Wc,student
20240344,jO5<qJ_foIK`,student
20240345,vE7`mb#LE.wfXD$,admin
20240346,iN9'oI>sZl1,student
20240347,zL8<n}>P`_D,student
20240348,vE4\&<g8RB,student
20240349,hS5_Z39#1jH\cyH,student
20240350,wE2)HIyC<M,student
20240351,sU9)pmwgFpHxo8@,student
20240352,sA1=$kp<e,student
20240353,vM8&r6q@g,student
20240354,eV5>C%U7|o,student
20240355,zQ7)yt@$cd{,admin
20240356,dL1~.~fMD8a22VK,student
20240357,rT9+!*xel~ss2_&,student
20240358,kW6@s6Fs'j<N61,student
20240359,tQ1$tCsl,teacher
20240360,pC7+oNlXX`uXuVZC,teacher
20240361,"lA5&V_!SEc""2AJ=",student
20240362,dW4&CwzmG}U,student
20240363,zC1?r>URK`,student
20240364,wW7?$~+6J(v'd`Ei,student
20240365,lW7<w*Y>ub,student
20240366,dI7=5)~1?I)#c9r,student
20240367,oZ2_j27w}@,teacher
20240368,uE5#vUZ.@$UWN'X,student
20240369,"lU2.8iWsl""d",student
20240370,jA4)avYT)/a!,student
20240371,"mB0@Vps""8>.{u}",student
20240372,lK6_\m/rSNgc1R,student
20240373,"vL0,mRB""Zok=",student
20240374,qM0.67GhsYID,teacher
20240375,rP3\=3H}OGvw,student
20240376,xJ1<SN{(<,student
20240377,"kE1,(_q@",student
20240378,"hY6,n)98",student
20240379,"aG6,MH_q",student
20240380,"sY9@.oF,hf!9`g",student
20240381,"sY3""h}|Ct{9?@>q",student
20240382,jO8$QmYIr%.Y\c|,teacher
20240383,uX1}wpw},student
20240384,"zQ9)s_""'0_bAuZ0",student
20240385,dM7(rz4Ck9,student
20240386,sD8&!=Tm/8/Ie,student
20240387,lN1_4!Y@g}7,teacher
20240388,xC6\VQpC=A,student
20240389,"yI8""ZL%}8",admin
20240390,tX3%S./#~lFd,admin
20240391,lU9>K)/mMY<1/,admin
20240392,oC8*CWrI|Q_P2C,student
20240393,qE8.Noj6,teacher
20240394,eL0$pNIl82e,admin
20240395,mV9'qL(&Zf,teacher
20240396,rN7~j(Y@l1XZFc~,student
20240397,zZ2#Gq'4_?Av1y&,student
20240398,hY9/{1hM*j{S@)R,teacher
20240399,dU4`6vvnL,student
20240400,mB5?LtFzL**&,student
20240401,lZ3|k'Rm%F5!vT3,student
20240402,qW1+D|\AVl@,student
20240403,aE3+~undm>,student
20240404,vC2.(\VwMKgxrjv,student
20240405,wP4/T&gLr#{k,student
20240406,"uD0}JB.""il$c>l",student
20240407,eA5`yy4$x5,student
20240408,fE8!gQ{sUgg%,student
20240409,hI4.p/s)SEYd,student
20240410,dT2<L`Dp1eQ,student
20240411,aL4(NmjSe5(aX$N',student
20240412,bI7$wN)5<M+IE,student
20240413,uT5$o<'?O%TU+8,teacher
20240414,lM5_F)ffZ,teacher
20240415,vV2\C_&C&BwU1#&,admin
20240416,rZ4!kq*(HRePE,student
20240417,zG6)ISbXa,admin
20240418,pM1_f!4_M,student
20240419,aW6/B{2k#!i'X',student
20240420,tM6*kK5*I,student
20240421,"dL7\'Y#Zu,",teacher
20240422,kK0}UEW<@ZJC,student
20240423,yA4.G`LJb9,student
20240424,"bY7)jwH}""6",student
20240425,iM7$561P$>*Te,student
20240426,tW4_9$rem>!!=Fe,student
20240427,uM0{#U@JZ8u5%,student
20240428,"sE0_qz&$(M/,W",admin
20240429,sM1{DzsRs2Z@b#NF,student
20240430,jE1|YO$/$*q,student
20240431,jZ6)UJSV/,student
20240432,"lP0>=U'l,Tf",student
20240433,wK9>kBA=8~,student
20240434,tT5#TjYd/Yq0Itr,teacher
20240435,hL2{B$ohH,admin
20240436,sN4%<ggD.n,student
20240437,mH0%l4T+k,teacher
20240438,uG8%j='zn#8Lh=,student
20240439,bI2*z54Z#,teacher
20240440,"gN3=N""U8h7W",student
20240441,"dG5{""~2vIa96&",student
20240442,sQ2}H)5aFohm6m,admin
20240443,hX6<`kt_zb|t#+uG,admin
20240444,zE1>\+{zu).c,student
20240445,gA7\\Mo.%K%Gu,student
20240446,xQ1&NwzfI,student
20240447,eL6{Zdf|ms,student
20240448,bM6`4mWvxkiedd,student
20240449,zU9+p<$(D$98ZzU,student
20240450,kI1)1?)AL3,admin
20240451,lN4}H'b*BkU,student
20240452,oC8@**I?L,student
20240453,"mH0|,9MH=<AyI",admin
20240454,eW5!1.c%1re)cR,admin
20240455,sK7&vm.E,admin
20240456,"pH1""D.B.$8sdVxR",student
20240457,"wY4&Z0~Rfv,qj",student
20240458,aC0~gRN8mA<e,student
20240459,oZ4@fiI?S,student
20240460,"sJ0/,qNafog",student
20240461,yK3!_uG_'s'.T~,student
20240462,uO5)TJ#CX@qjQ2,student
20240463,mG5}C/kVnYN*3,student
20240464,"hL8<?,iV/w",student
20240465,kM5/vz%(\#D3<>B,student
20240466,"xT9>gx<,N2|'qk",teacher
20240467,"lH5,TRVMN,%2",student
20240468,"rS2~hw=@N)><),P",teacher
20240469,rK5_f7VMUSpY{NB,admin
20240470,cJ5)WcCP!DE|,student
20240471,uF3%nhE(FRg9x%,admin
20240472,vV1=+mqLgd,student
20240473,uB1&'G}L!C`LAU,student
20240474,dU0&pV3!|r?vV,student
20240475,aG5&8}RJ%J`QF',admin
20240476,kH6*k+womAqdA'81,student
20240477,qO7+Wd3=4_ic8,teacher
20240478,kN8%kyUI5b,admin
20240479,"jX8?iX""8@z|o9",student
20240480,kQ7#?cWxd|~tE0,student
20240481,iF2+E7}j#}cbvp,teacher
20240482,"bJ0""iI=$bBVhh`J",student
20240483,nM4>s__$L+s7vrDz,student
20240484,qN2}Y_>F'FgSiHO&,student
20240485,pS4\vJMU0BW,student
20240486,"xH2}e/1Yo4{w$D""",student
20240487,mI6@*9)fY00KE,admin
20240488,yO8~4zG}{euL\z,admin
20240489,cI1>ezs<kMko,student
20240490,"kW1'@~,n",student
20240491,jC9'R?j=,student
20240492,lA0/~l@YDH8ZNlm,admin
20240493,"wI7,8_PKz)Tsok7!",teacher
20240494,qP2`n'uh<`)\0,teacher
20240495,wG4@fV1s8O,student
20240496,"iI8|,`9JFzB",student
20240497,"vN3""9X'3_eT0|",student
20240498,nC7(YPyl*,student
20240499,jW4{G..ZJeM/F*,student
20240500,mW6_Qr1}?g,student
20240501,iloveshritika123,student
20240502,mg$pE.7-*>m;,student
20240503,z;KX.&.n^/dx,student
20240504,>K!]IAnt}b_*,student
20240001,sE5{nRSx,admin
20240002,qS7!Hcya<2(SZmBL,student
20240003,tX8{g~Dy#Jg,student
20240004,"jD6""/!=JzFel)<\s",student
20240005,xD0+|S*).rx+6>,admin
20240006,pJ8~B%JqF$>a,student
20240007,rJ0~m=<vF7,student
20240008,qC1?+OmvBzV,student
20240009,yT4<~$|l/z_Iw(1,student
20240010,tN9/\f>gR5aXX&kk,student
20240011,lM5_3P.x~c\5,student
20240012,lV1<ieZO,teacher
20240013,uL8{6bkglr@hb6o,student
20240014,jF1$IBipLF',student
20240015,kM1}yDh{mk.8M0,student
20240016,cM8.T0bH2X,teacher
20240017,uO6|iI_bXo\hPgE,student
20240018,sZ5/hU~VT},admin
20240019,wW5+P#~82.y!ORb4,student
20240020,hS7@j~.Fnmr,student
20240021,eU7{Ui#+n3B$I3lu,student
20240022,"xI4|/X*91`u%e,_p",admin
20240023,tC2=A+\ykD!r,admin
20240024,uV6$3$wr,student
20240025,uA0_IDXoz=ufWYL,student
20240026,"aA7.{DS,T`*OH",student
20240027,xT9~feSZz<?3K,teacher
20240028,fN5)preDm,teacher
20240029,xW7'k{OYKm,teacher
20240030,jP0%KcY$dhSQrXL',student
20240031,rZ5\rmO@),teacher
20240032,"iB5`s""8F\'iYC",teacher
20240033,"pY6""h+B&t",teacher
20240034,fV3(f_bt(a@P.,student
20240035,wI9_*DUA9cTWQ,teacher
20240036,uK4/Q/LIzcy71~,student
20240037,yW4@Nw.wpc~TkYE,student
20240038,bQ4@rSXF`,student
20240039,wV4~?(&xJ@f,student
20240040,cB4`h/o?,student
20240041,hX9#TF7oxR=M$Sh,teacher
20240042,eS4~'=H(3OZM=Z,admin
20240043,nY1'm3Iv,student
20240044,"iM2""Gz|@e",admin
20240045,"cU4@4CQk""5rh3",teacher
20240046,nC5`zR{.U/LD,student
20240047,pS2.67c_*P<Q,student
20240048,qX4(JvGap=3,student
20240049,yY6.U+i`6{vQmh!,student
20240050,nS3!'QlEJW_MBzc,student
20240051,hX0#ICS{UimQ6,admin
20240052,jY4.s`D5t'e7Qq,student
20240053,rW8'vE#}eN,admin
20240054,mZ9!sKp#t3pi&!B&,student
20240055,qF0(%w(xetOJa=N1,student
20240056,uM6%`mk@B,student
20240057,iW9+)RH)SfSv>)J,student
20240058,rD9(}T%4.N7$6N3`,student
20240059,"wP6!,BIz5o}<8d*",student
20240060,"sO0=>(}VZJ~,a@/",student
20240061,"aO4)9B'H/sPRS""",student
20240062,xR5}aL63&Etel),student
20240063,lV2??xr%QyHH,student
20240064,qB6{)yTOA%B6*Y*m,student
20240065,"nA0+?z""Qn5j>Llh6",student
20240066,eJ9?8EiCJ#ix,student
20240067,xJ3}XMp@k})@),student
20240068,pE6}3\ooigc,student
20240069,jC5|*Oe\%KyW,student
20240070,xO1+C+OmG'$b9p,student
20240071,dS5|BQ`rHTiUo,student
20240072,wN0*N{fR,admin
20240073,uT8#SoDOby9b>hxr,student
20240074,jX6@X~7/c5}_2Y',student
20240075,"lC9&,m$NQ85W<",admin
20240076,jR1\)=7S&P`Sq.,student
20240077,"aJ8,E%a&?=@8~i",student
20240078,kL2)/|`?0{bID,student
20240079,nP1$+11YAD!\j/bg,student
20240080,dJ0'(lvf@,student
20240081,"dE1_x8lJp}""b",student
20240082,"jL2""4|0_SM",student
20240083,gA1.~Nu17=U,student
20240084,yK2+U(H$,student
20240085,rZ6'rY4Vm$e?oi,student
20240086,dU0_#J+Yq(y,teacher
20240087,tI3%29up!IQejfyQ,student
20240088,"aM3,cJYh",student
20240089,gL5!)2'h(?+M?C,student
20240090,lI8/d2VToJ_+|',student
20240091,oI6!+\Ls,student
20240092,dN1$S*?UHJZ~`9Wv,student
20240093,"iT9/,8=,!m",student
20240094,tH3_ypi6le}W$Jv6,student
20240095,vK4.zg_h,student
20240096,kM1}U}x/Qd\W3,student
20240097,dO9_)ykMQ,student
20240098,nT9?~Kkl,teacher
20240099,zS5.c3Ql!vMvVW,student
20240100,kA2(iFeI56XZ,student
20240101,gN7$R!H#1$?+,teacher
20240102,aX8#YIu{)Z,student
20240103,mJ6*AthcTwGx,admin
20240104,wO5*>wKv+5R@xM,student
20240105,iG3?KPPb`ge4,student
20240106,eC6/QrOGn,student
20240107,dR5_1pKLjxT&|0H,teacher
20240108,dY7$VGn'=/\*%~zN,student
20240109,dA9=.>yJyc,admin
20240110,"dI1}r}>,S%,",student
20240111,"pH0_.TJ8Ag\u,/e",student
20240112,lG1>O7{bX!o'=iHz,student
20240113,xV4'xKJrImgKW,student
20240114,"rM7$v,/8.16H$fyS",student
20240115,gG8!UMl/Ao)\%!D,student
20240116,kB6{|iY*s{vC},student
20240117,sU0<s%~O#.k%W0(_,student
20240118,iX8_Y!.O|ZJi$v,student
20240119,"yA1<Q""P'{li*3",student
20240120,sF1<Prvd,student
20240121,aQ6!uvI@Ugwg6,admin
20240122,bH1`c2PEF1Xi@2E5,admin
20240123,cI8{&5!K*,student
20240124,dJ8.'bGb2L,student
20240125,jU4%6QakU,teacher
20240126,pG9(3fOe$9!m,student
20240127,oR4?uUA'_W()f`,teacher
20240128,"eM6<Ng(""6"",a",student
20240129,kH4)OhDF`t(=@q6,teacher
20240130,xI1}?4_<aiY,student
20240131,yP7>.$|*,teacher
20240132,"lF1!<)B%H,",student
20240133,hZ9#d`7pc',student
20240134,iC2\kSk=C%U0*S\,student
20240135,"cW5""C5RDW6}cP",student
20240136,vV8(e\n.jx+9/,student
20240137,vM2@W{oW5,student
20240138,kA3_R~6rn?!iZnka,teacher
20240139,xM4_lJHY?/,teacher
20240140,tB3$<`HXb\HtH,student
20240141,sV6*H3y%g2,student
20240142,iG4?vF6U,student
20240143,eB3{Og<Y0),student
20240144,bV3({q4FPJ}kPv,student
20240145,vU4@+KwYiw*/KPX,teacher
20240146,"cX1,1\kAg",teacher
20240147,"yW7%>eA""t)5_",student
20240148,lI7#/Cp!g=m)K,student
20240149,"fT5{QJ,mN",admin
20240150,rH5$L&&nq}?i}u,admin
20240151,xL5$E0}$Z@P\ar,student
20240152,mM5*/G=\<Ncb>`,student
20240153,fN8/|t!~mIs,student
20240154,lM6&Nh'>X,student
20240155,"lY9,9<gCU|C",teacher
20240156,uX8%TQv6Ida=b~UB,student
20240157,"bR0`S/5O6P,>A",student
20240158,"vH6""BS.hb4",student
20240159,"jE6#dD0{V""aojhW~",admin
20240160,"yE2)4""s}pA,#Z\",student
20240161,"bH1(B,Z/giS#""D2",student
20240162,oZ5_KZ$U}M>/!ge,admin
20240163,nM6#F_5Pl_!(6Y,student
20240164,zP9%g)sDXcfiQNF5,student
20240165,vK0_nBkEBoxM!o,student
20240166,zI8)@Ydxq,student
20240167,pG5{rj3&nd@62tz,student
20240168,"mR1#ogskz%I,PSe",student
20240169,"vA6_kn""w!HW",student
20240170,zT2*>j@<@e(\jg,student
20240171,vE4!!8n_('F&y!~W,student
20240172,pV4)Y'd27Y2L',student
20240173,qN8>l>F6<o#*4e,student
20240174,"gJ3$,6A?D",student
20240175,pW0)&XxJ<n}xB''L,admin
20240176,"lL6*2)(""/A<,",teacher
20240177,aN5<H!0jjY!Hq!,teacher
20240178,cC9$V|Li$aUVc,student
20240179,bK4+E2PHz?B@a$,admin
20240180,cL6{FfJ<,student
20240181,xJ7%9KqgzuB80,student
20240182,"jB3()""WF/k",student
20240183,yZ1_`E}Tmr'/m,admin
20240184,"hR0""M'v>'Yz3U",student
20240185,"mU0.HQ9(,uFq.X)",student
20240186,zX1/yRjJ)Q~R$vd,student
20240187,oF1$|!!p\k.Tl=sf,teacher
20240188,"xG0""'S>@'w*+ta3>",student
20240189,qS5%'tmm5@jJ`'B~,student
20240190,xK1{Jyf7=p#DY~,student
20240191,hH3%rq}\`uHw,student
20240192,"fB8+9V%0p,Up",student
20240193,hC8\N7N1l,student
20240194,cP6`)5PmzY!_wU},student
20240195,"xY1!""w(V9",student
20240196,fR4`T`kpR+,student
20240197,tX5\LSb5@d$<_8p6,teacher
20240198,uC8\S&{F,student
20240199,"oV9%Z6yMw""IbJ",student
20240200,mQ7/U78KEdXz?VMA,student
20240201,pN7@pU>{u,student
20240202,hR0~C=I=AS,admin
20240203,zJ2(iWJsD,student
20240204,"hX2#|P6B|c>i,",student
20240205,lE2*maaIG`}{ZNW>,student
20240206,"qC1""*P""`F32Fp@\",student
20240207,"rR0/`~6L,aej",student
20240208,iC2~<xXx>}}lj,student
20240209,yX3}4>?)l,admin
20240210,mA8!tE$kJg%'@,admin
20240211,fC7#CM|R4oTHs},student
20240212,gR6.8Gxr}o0K,student
20240213,"jC4_0}xG'KQ""t",student
20240214,rP5(s)i7,student
20240215,pF3#Wn11JRzC7E,student
20240216,nR5*IS(#dW&Rh0,student
20240217,"iV0\uP3/""`B\FL",student
20240218,fE7=CV&f6c<,student
20240219,jP9|6jCe,student
20240220,"zS9}K(MJ!qW#,cq",student
20240221,"bZ1""{TCo}#PKZ",student
20240222,wS1}rK%g,student
20240223,yL1*E$D(nN,student
20240224,"zO6,}.<=3453x",teacher
20240225,mQ6|1I}}l`B,student
20240226,nX7*vcTBYHfO~,teacher
20240227,"xR6+A50(6T_F""g=I",student
20240228,"yG8&Fv%~""km?qod",student
20240229,"oO3""h{bPfR",teacher
20240230,qF5_kRLIY+,student
20240231,kD5#@znHv&R@d?=,admin
20240232,zW7(y8/7DJ{d,teacher
20240233,sA7}UIBt6GQZE,student
20240234,kC0+pj87Pa)}<Q.,student
20240235,nO4>Zo0?6O&hdm11,teacher
20240236,iM9$n8G\@L/&j,teacher
20240237,sH1@/~HV==F~tW9k,student
20240238,bK3=h{<0O,student
20240239,tK7{C7RwqO@6iXdo,teacher
20240240,cW1>hc!fo3!nT\\8,student
20240241,wT8>YODm'7$c8,teacher
20240242,"gO3""`zs0_9<LUO~F",admin
20240243,jT9*olh3gW3|z5K,student
20240244,bC4#k6G9'Sg()Oo,admin
20240245,aI4*%#2|hUIJ0XU,student
20240246,qG8@R6(RA{4,student
20240247,"kH3>fo}zSgI+!Z""D",student
20240248,"qW4_s,$M,EmD?#U",student
20240249,"lW1<KvKU""i,CJN/",teacher
20240250,vK2}G==f!%T`~Xc,student
20240251,cO8<M.#42De/,student
20240252,zM5<=0$=,student
20240253,iH2\iEd6L|IH2R,student
20240254,xW5<Nks5At({?b,student
20240255,sE2+LuMAG*`Tz},teacher
20240256,pD8'(W*UNCS{5,student
20240257,lD8'g8>RC{zd,teacher
20240258,cX2*!|dCmPozo$`,student
20240259,pY9&m+Vfp,student
20240260,iH9#bit%pMY,teacher
20240261,"iV0+}k?""Ue0hU",student
20240262,"bX0,RHa>Azb!*",student
20240263,wC9'OA}&nm\'E,student
20240264,bT3|nJY3B9|=,student
20240265,zP9!hQc6bXRRnOX,student
20240266,"nV2\f>i""""wPQ?'j",admin
20240267,lF1#yu36,student
20240268,sI3'UwQ)zImC=A.E,student
20240269,nX1)>uI43fseJ.=,student
20240270,"bA9/,c1m<fD",student
20240271,iX9+H8Ah9RDyq{,student
20240272,tJ6`~Rq+@M<5,student
20240273,"gT8""}p=)|(",student
20240274,qR9%keX/,teacher
20240275,tC2|w<n`Z#d/(,student
20240276,"fM7""Psn~zN/_d",student
20240277,wY9#Gzisd,student
20240278,"xS9,TuSX@/vJ",teacher
20240279,uT6+.g{RUJeF,teacher
20240280,nR2>W9FDF$,student
20240281,"nN8.{l%,pQI=",admin
20240282,jP9*\hM}/HNbQ,student
20240283,"nL8@""u>#hd}7M+g",teacher
20240284,"kJ3,Kx""8J_t$fu",student
20240285,uJ6$|U`SAa<.,student
20240286,cO6/slqEE7Nda\(,student
20240287,eH2)E8XR_9JC,teacher
20240288,eM8.?SgQ,student
20240289,gE7)H{x@lIsplN$3,student
20240290,jW6|9ZD%6,student
20240291,cO1/5f\PtBRFZ,student
20240292,uI4|NP6nU9\)l,student
20240293,yC3}89*0AFuz$3,student
20240294,jO6/ZGoXvq,teacher
20240295,lZ6{_Zwp_Kd,student
20240296,nM7>*{o7LWgpBTt`,student
20240297,"iV1,Vwusppg",student
20240298,uD8/!N9p`Ar&o%,admin
20240299,"hF4$$W,2n@",teacher
20240300,cD7.ChY9{jA,teacher
20240301,"mW4_k/bStz,n}",student
20240302,hG5*mRw=UuL\0,student
20240303,qG6?xJ}u*?btnYx,student
20240304,mU7_uxo}ww/D,student
20240305,hF1\wU4>G,student
20240306,eF6>VgpQAgc%,student
20240307,fQ2(dz'l6a{YH(_,student
20240308,eT7<N|o9Z,student
20240309,tZ1{BWi?|2T.4,student
20240310,rI0}2bT((i,teacher
20240311,qU6=?HsM6+QN7L9/,student
20240312,lS9?'!N&&X,student
20240313,bU9{*3\SnA#,student
20240314,zI1*Er4?P1#1b,student
20240315,cQ6=&4IA+~L<fQpv,student
20240316,"uY4~q,!+Tzj",admin
20240317,kF4|F/ou\g<'r,student
20240318,"tV7#i,?0qs'kSTT",teacher
20240319,dD9<CmRof>b,student
20240320,pT3'bsBc{vi,teacher
20240321,bL7{%Z$1qN~qO586,student
20240322,sN6(&9pSkb,student
20240323,mU6'9X4aEG1i,student
20240324,rU1(DRd#q,student
20240325,"xX3@cij|k,&e,Gki",student
20240326,qQ7<!63+=|,student
20240327,"oF4""LvC6",teacher
20240328,jD1#tkQ2W,student
20240329,pI4*A>yc,admin
20240330,iX3=g9$}>ym,student
20240331,uI8{yam_,student
20240332,nK9.K|6XTK#lUS},student
20240333,uU4$rZVIWH,admin
20240334,cM8+muw#,student
20240335,eB9$W*xsaVfs%A,student
20240336,"pB1_WCmP93,u",student
20240337,gY8>(pe)EvXMO,student
20240338,"mQ0+8wr('Q""$I",student
20240339,jC2>O9X3I6GR4,student
20240340,gD8~'M$m%z,student
20240341,gS1<Xd9.|,student
20240342,tN6~xkQ$o,student
20240343,bM3~T.DCYdo)>Wc,student
20240344,jO5<qJ_foIK`,student
20240345,vE7`mb#LE.wfXD$,admin
20240346,iN9'oI>sZl1,student
20240347,zL8<n}>P`_D,student
20240348,vE4\&<g8RB,student
20240349,hS5_Z39#1jH\cyH,student
20240350,wE2)HIyC<M,student
20240351,sU9)pmwgFpHxo8@,student
20240352,sA1=$kp<e,student
20240353,vM8&r6q@g,student
20240354,eV5>C%U7|o,student
20240355,zQ7)yt@$cd{,admin
20240356,dL1~.~fMD8a22VK,student
20240357,rT9+!*xel~ss2_&,student
20240358,kW6@s6Fs'j<N61,student
20240359,tQ1$tCsl,teacher
20240360,pC7+oNlXX`uXuVZC,teacher
20240361,"lA5&V_!SEc""2AJ=",student
20240362,dW4&CwzmG}U,student
20240363,zC1?r>URK`,student
20240364,wW7?$~+6J(v'd`Ei,student
20240365,lW7<w*Y>ub,student
20240366,dI7=5)~1?I)#c9r,student
20240367,oZ2_j27w}@,teacher
20240368,uE5#vUZ.@$UWN'X,student
20240369,"lU2.8iWsl""d",student
20240370,jA4)avYT)/a!,student
20240371,"mB0@Vps""8>.{u}",student
20240372,lK6_\m/rSNgc1R,student
20240373,"vL0,mRB""Zok=",student
20240374,qM0.67GhsYID,teacher
20240375,rP3\=3H}OGvw,student
20240376,xJ1<SN{(<,student
20240377,"kE1,(_q@",student
20240378,"hY6,n)98",student
20240379,"aG6,MH_q",student
20240380,"sY9@.oF,hf!9`g",student
20240381,"sY3""h}|Ct{9?@>q",student
20240382,jO8$QmYIr%.Y\c|,teacher
20240383,uX1}wpw},student
20240384,"zQ9)s_""'0_bAuZ0",student
20240385,dM7(rz4Ck9,student
20240386,sD8&!=Tm/8/Ie,student
20240387,lN1_4!Y@g}7,teacher
20240388,xC6\VQpC=A,student
20240389,"yI8""ZL%}8",admin
20240390,tX3%S./#~lFd,admin
20240391,lU9>K)/mMY<1/,admin
20240392,oC8*CWrI|Q_P2C,student
20240393,qE8.Noj6,teacher
20240394,eL0$pNIl82e,admin
20240395,mV9'qL(&Zf,teacher
20240396,rN7~j(Y@l1XZFc~,student
20240397,zZ2#Gq'4_?Av1y&,student
20240398,hY9/{1hM*j{S@)R,teacher
20240399,dU4`6vvnL,student
20240400,mB5?LtFzL**&,student
20240401,lZ3|k'Rm%F5!vT3,student
20240402,qW1+D|\AVl@,student
20240403,aE3+~undm>,student
20240404,vC2.(\VwMKgxrjv,student
20240405,wP4/T&gLr#{k,student
20240406,"uD0}JB.""il$c>l",student
20240407,eA5`yy4$x5,student
20240408,fE8!gQ{sUgg%,student
20240409,hI4.p/s)SEYd,student
20240410,dT2<L`Dp1eQ,student
20240411,aL4(NmjSe5(aX$N',student
20240412,bI7$wN)5<M+IE,student
20240413,uT5$o<'?O%TU+8,teacher
20240414,lM5_F)ffZ,teacher
20240415,vV2\C_&C&BwU1#&,admin
20240416,rZ4!kq*(HRePE,student
20240417,zG6)ISbXa,admin
20240418,pM1_f!4_M,student
20240419,aW6/B{2k#!i'X',student
20240420,tM6*kK5*I,student
20240421,"dL7\'Y#Zu,",teacher
20240422,kK0}UEW<@ZJC,student
20240423,yA4.G`LJb9,student
20240424,"bY7)jwH}""6",student
20240425,iM7$561P$>*Te,student
20240426,tW4_9$rem>!!=Fe,student
20240427,uM0{#U@JZ8u5%,student
20240428,"sE0_qz&$(M/,W",admin
20240429,sM1{DzsRs2Z@b#NF,student
20240430,jE1|YO$/$*q,student
20240431,jZ6)UJSV/,student
20240432,"lP0>=U'l,Tf",student
20240433,wK9>kBA=8~,student
20240434,tT5#TjYd/Yq0Itr,teacher
20240435,hL2{B$ohH,admin
20240436,sN4%<ggD.n,student
20240437,mH0%l4T+k,teacher
20240438,uG8%j='zn#8Lh=,student
20240439,bI2*z54Z#,teacher
20240440,"gN3=N""U8h7W",student
20240441,"dG5{""~2vIa96&",student
20240442,sQ2}H)5aFohm6m,admin
20240443,hX6<`kt_zb|t#+uG,admin
20240444,zE1>\+{zu).c,student
20240445,gA7\\Mo.%K%Gu,student
20240446,xQ1&NwzfI,student
20240447,eL6{Zdf|ms,student
20240448,bM6`4mWvxkiedd,student
20240449,zU9+p<$(D$98ZzU,student
20240450,kI1)1?)AL3,admin
20240451,lN4}H'b*BkU,student
20240452,oC8@**I?L,student
20240453,"mH0|,9MH=<AyI",admin
20240454,eW5!1.c%1re)cR,admin
20240455,sK7&vm.E,admin
20240456,"pH1""D.B.$8sdVxR",student
20240457,"wY4&Z0~Rfv,qj",student
20240458,aC0~gRN8mA<e,student
20240459,oZ4@fiI?S,student
20240460,"sJ0/,qNafog",student
20240461,yK3!_uG_'s'.T~,student
20240462,uO5)TJ#CX@qjQ2,student
20240463,mG5}C/kVnYN*3,student
20240464,"hL8<?,iV/w",student
20240465,kM5/vz%(\#D3<>B,student
20240466,"xT9>gx<,N2|'qk",teacher
20240467,"lH5,TRVMN,%2",student
20240468,"rS2~hw=@N)><),P",teacher
20240469,rK5_f7VMUSpY{NB,admin
20240470,cJ5)WcCP!DE|,student
20240471,uF3%nhE(FRg9x%,admin
20240472,vV1=+mqLgd,student
20240473,uB1&'G}L!C`LAU,student
20240474,dU0&pV3!|r?vV,student
20240475,aG5&8}RJ%J`QF',admin
20240476,kH6*k+womAqdA'81,student
20240477,qO7+Wd3=4_ic8,teacher
20240478,kN8%kyUI5b,admin
20240479,"jX8?iX""8@z|o9",student
20240480,kQ7#?cWxd|~tE0,student
20240481,iF2+E7}j#}cbvp,teacher
20240482,"bJ0""iI=$bBVhh`J",student
20240483,nM4>s__$L+s7vrDz,student
20240484,qN2}Y_>F'FgSiHO&,student
20240485,pS4\vJMU0BW,student
20240486,"xH2}e/1Yo4{w$D""",student
20240487,mI6@*9)fY00KE,admin
20240488,yO8~4zG}{euL\z,admin
20240489,cI1>ezs<kMko,student
20240490,"kW1'@~,n",student
20240491,jC9'R?j=,student
20240492,lA0/~l@YDH8ZNlm,admin
20240493,"wI7,8_PKz)Tsok7!",teacher
20240494,qP2`n'uh<`)\0,teacher
20240495,wG4@fV1s8O,student
20240496,"iI8|,`9JFzB",student
20240497,"vN3""9X'3_eT0|",student
20240498,nC7(YPyl*,student
20240499,jW4{G..ZJeM/F*,student
20240500,mW6_Qr1}?g,student
20240501,iloveshritika123,student
20240502,mg$pE.7-*>m;,student
20240503,z;KX.&.n^/dx,student
20240504,hpJTC3o}Wu~z,student
